{
  "project_info": {
    "project_number": "185307186111",
    "firebase_url": "https://project2-70a52.firebaseio.com",
    "project_id": "project2-70a52",
    "storage_bucket": "project2-70a52.appspot.com"
  },
  "client": [
    {
      "client_info": {
        "mobilesdk_app_id": "1:185307186111:android:461f368e1e940a26",
        "android_client_info": {
          "package_name": "com.example.alexa.project2"
        }
      },
      "oauth_client": [
        {
          "client_id": "185307186111-4bn1e85c2knopf4u2b58u2f0vv1okm4j.apps.googleusercontent.com",
          "client_type": 1,
          "android_info": {
            "package_name": "com.example.alexa.project2",
            "certificate_hash": "b4c9a08d6fccb8728388d1d2fe724bf25ff90410"
          }
        },
        {
          "client_id": "185307186111-4sbam0roc2fu0e31ae3id57as1e1k74j.apps.googleusercontent.com",
          "client_type": 3
        }
      ],
      "api_key": [
        {
          "current_key": "AIzaSyAFGjHJN94rFCpQQint93xknNQm7vbqj3E"
        }
      ],
      "services": {
        "analytics_service": {
          "status": 1
        },
        "appinvite_service": {
          "status": 2,
          "other_platform_oauth_client": [
            {
              "client_id": "185307186111-4sbam0roc2fu0e31ae3id57as1e1k74j.apps.googleusercontent.com",
              "client_type": 3
            }
          ]
        },
        "ads_service": {
          "status": 2
        }
      }
    }
  ],
  "configuration_version": "1"
}